{
  "vertices": [
    -0.2250, -0.4000, -0.5000,
    0.0750, -0.4000, -0.5000,
    0.3250, -0.0800, -0.5000,
    0.2450, 0.4000, -0.5000,
    -0.1750, 0.4000, -0.5000,
    -0.3250, 0.2800, -0.5000,
    -0.3750, 0.1600, -0.364705882,
    -0.2750, -0.4000, -0.4000,
    0.3750, 0.0800, -0.308333333,
    0.3250, 0.4000, -0.3000,
    -0.1750, 0.4000, 0.4000,
    -0.3250, 0.2800, 0.4000,
    -0.3750, 0.1600, 0.5000,
    -0.2750, -0.4000, 0.5000,
    -0.0050, -0.4000, 0.5000,
    0.0750, -0.4000, 0.3000,
    0.3250, -0.0800, 0.3000,
    0.3750, 0.0800, 0.5000,
    0.3250, 0.4000, 0.5000,
    -0.0750, 0.4000, 0.5000
  ],
  "faceIndices": [
    [0, 5, 4, 3, 2, 1],
    [0, 7, 6, 5],
    [2, 3, 9, 8],
    [7, 0, 1, 15, 14, 13],
    [1, 2, 16, 15],
    [2, 8, 17, 16],
    [8, 9, 18, 17],
    [3, 4, 10, 19, 18, 9],
    [10, 4, 5, 11],
    [11, 5, 6, 12],
    [6, 7, 13, 12],
    [19, 10, 11, 12],
    [14, 15, 16, 17],
    [19, 12, 13, 14, 17, 18]
  ]
}